id,date,to,from,size,attachments,content
{M7S3-H3EG03DM-7642VKON},08/16/2010 09:41:20,Mario.Truman.Telsa@lockheed.com,Cedric.Cyrus.Harrison@dtaa.com,17256,0,whitewater acadian ccc footgear usd50 matriarchial conifer mergansers huerles usd50 cherry huerles anthracite alleghenian mississippian woolly hemlock annabelle swainsons mountainsides household waterthrushes mud 350 ccc creation use riparian snowmobiling ledgy whitewater usd50 ledgy whitewater forksville waterthrushes canoes sapsucker whitewater swingler vandellas motown jamz centerpoint bluessoul vandellas nederlander motown graystone 5700000 5700000 graystone 713777 saidmy atemenge atemengue guotu resume salary position management experience
{C2E6-I9NS27OO-7245QCIV},08/19/2010 13:20:37,Mario.Truman.Telsa@lockheed.com,Cedric.Cyrus.Harrison@dtaa.com,26008,0,grard spion hillsborough jaunde ewondo ngonoa edzimbi kamerun grandparents he suppan glove rashima crunchy bambino pujols cabrera storrow suppan russa timlin sox varitek storrow tedy sparky by yastrzemski francona xxxviii lucchino suppan suppan berra taco diamondbacks suppan embree pinch mccarver xxxviii francona schilling cincinnati varitek doerr mlbcom taguchi bruschi bambino dodgers haskett varitek varitek resume salary position management experience
{W5P6-C8PU34MC-9435YFUX},08/24/2010 09:28:37,Mario.Truman.Telsa@lockheed.com,Cedric.Cyrus.Harrison@dtaa.com,36158,1,telnitz czech buxhowden paltry brna kutuzovs sokolnitz teetering langeron bosenitz detachments josphine kutuzovs bernadottes vandammes murat olmutz telnice brunn sokolnitz bellowitz sokolnitz the 1092 maternus quadripartitus gerard precentor dxxiv bequest anselm henrici canons thurgot resume salary position management experience
{R2Z7-Z9LX43QK-3398GWZL},08/24/2010 14:04:58,Mario.Truman.Telsa@lockheed.com,Cedric.Cyrus.Harrison@dtaa.com,34351,0,thouars theseus culloden theseus peyton blanquet culloden heureux theseus walkelin thurgot return ranulf ely maternus flambard pallium gerard bohemond owed 1102 leges monograph mellifera taxandria endlichers phosphite disjunct flower banksia waychinicup occidentales fuscipes musculus rbr sirmuellera closest zythiostroma interfire integrifolia cladogram andersonia jussieu interfire brownii flexuosa taxandria resume salary position management experience
{H2T1-Z5LH74TF-8734OPKC},08/27/2010 10:00:43,Mario.Truman.Telsa@lockheed.com,Cedric.Cyrus.Harrison@dtaa.com,20652,0,vloots hendrikus slagschip conways 26055 kamer abbr 595000000 19535 3177 landmacht displacement indisch 27280 19535 dreadnoughts slagschip 28033 rambonnet indisch 26473 19535 rudder submarines recommend abbr 8820 26850 27280 none 26473 germaniawerft 8820 onze 28483 five nederlands germaniawerft shp vloots pleyte vloots the 17000000 24605 rambonnet germaniawerft hendrikus 8820 germaniawerft idenburg abbr idenburg 19535 28033 colijn abbr leukemic etonian fc charterhouse entrant resume salary position management experience
{X3N5-E4QS91KA-8428GEKQ},08/30/2010 08:23:48,Mario.Truman.Telsa@lockheed.com,Cedric.Cyrus.Harrison@dtaa.com,33280,0,counterspy wlw mbn fcc wcfl wnac wgar lackmann guterma shareowner wcfl wlw wor angeless nonsponsored guterma positionnone crabby wxyz amway heatter cockfighting xianzhi 819 stat_year1 changan attested stat_pop350000000 seonji linfu proximity guwen xianzongs 690 simiao pufferfish taishang changan shimin taiyuan laborers taizong ennin 766 earthenware tocharian yiwen xuanzang belitung khagan taizong resume salary position management experience
{D0D1-E2BU14RD-2454QLSS},08/30/2010 14:41:22,Mario.Truman.Telsa@lockheed.com,Cedric.Cyrus.Harrison@dtaa.com,19472,1,recruit lsas outdoorsmen 65300 ledger rainstorm beacom reliance schwatka rent mccutcheon foot mccutcheon bsas luxor bsa scouting tutankhamun lsa gros coupons omaha lumberjack kijabi mccutcheon lsa omaha lsas cotton beacom schwatka award of sisseton mccutcheon mccutcheon chosen honeymoon 65300 wooster dakota 65300 pathway telephoto nairobi lsa luxor node 64800 yamdev pluto pascal pluto resume salary position management experience
{U1Q2-L9YA20OC-3177ZENY},09/14/2010 08:50:10,Desiree.Claudia.Booth@dtaa.com,Cedric.Cyrus.Harrison@dtaa.com,23368,0,1080s 154000 jarratt goodthat 73100 jarratt allgame ign kensuke goodthat 88100 foozed competition kenta 1080s goodthat cvg 1230000 jarratt jarratt jarratt 1080 73100 polygon foozed gamebits 1080 jarratt jarratt supertight jarratt 1230000 1230000 collision kimachi ssx misplaced ssx thrashy cvg chonito kilo taliban blt haqlaniyah resign position effective
{Q4C6-O0XH42HB-8264HGKG},07/18/2010 10:39:34,Ivor.Kato.Kramer@lockheed.com,James.Chester.English@dtaa.com,28305,0,ainsworth dimbleby fulsome unprofor pristina fursmans cgs transworld bnp kidnappers bnp blount jackson adc bnp leone investiture cgs kembers transworld kcb macho bnp camberley royces pristina amanda para cgs skull fursmans warrenpoint fursmans veins ifor pristina cgs fursmans unprofor cgs cgs dannatt dannat sandhurst fursmans fuss drawdown cgs forceselect mod mod devonshire obeying camberley resume salary position management experience
{H7A2-I6DP86AV-3757YZMX},07/18/2010 15:50:55,Ivor.Kato.Kramer@lockheed.com,James.Chester.English@dtaa.com,27877,0,orangi ayesha ameer aligarh lodhran opp maulana rahmat fazle khyber opp hameed lodhran hameedah pard mariam locksmith ics opp fazle ngo punjab sufist akhtar migrants fluent ayesha pard begums microfinance mashriqi lodhran mamoola yunus meerut hameedah locksmith fazle mamoola khaksar hameedah orangi ics microfinance resume salary position management experience
{T3L0-P5OX82HX-1899DDWO},07/20/2010 08:56:44,Ivor.Kato.Kramer@lockheed.com,James.Chester.English@dtaa.com,25246,0,greek nna channelwood nul voter redmon metcalfe cathy youmans barack rayford thurgood phi rayford rayford 181000 naacp thurgood chaka bglo upheld channelwood entrepreneurship belford rayford alpha omega sncc monrovia nphc ithaca monrovia belford luther nphc nna belford belford redmon sissle firebombing mu discriminatory nphc vertner thurgood nvra fraternitys victor lambda fattah sclc nexus resume salary position management experience
{E3D7-N6VF80PP-3266QZNJ},07/23/2010 13:21:05,Ivor.Kato.Kramer@lockheed.com,James.Chester.English@dtaa.com,28163,0,southsouthwest southsouthwest vale northnorthwest worth pilli holes 15007 tradespeople improbable a14000 a14000 1092 25301 supercell hailstorm northnorthwest 515 hailstorm helensburgh nowra supercell a23 127947 a14000 ordination a600 915 a600 bundeena botany bundeena 15007 805 a14000 changed helensburgh pilli hailstorm 127947 aest 127947 insurance lilli hailstorm resume salary position management experience
{G9J0-U0OL00DX-6610HMTD},07/23/2010 13:45:43,Ivor.Kato.Kramer@lockheed.com,James.Chester.English@dtaa.com,29771,0,unkind okotoks duggan hugill knowlton pembinas ansley hargrave fallow oratorical alberta maclachlan ansley indisputably unwin brennan ansley maclachlan hugill bourcier mlas unwin glenville pembinas hargrave maclachlan hargrave douglasite maclachlan dividends credit cockroft ansley macphersons ansley cockroft cathmer dividends alberta hugill c25 knowlton maclachlan credit cockroft cockroft knowlton hugill treacherous hugill resume salary position management experience
{I2S5-F0RQ03EZ-0708QRJI},07/28/2010 14:28:48,Ivor.Kato.Kramer@lockheed.com,James.Chester.English@dtaa.com,32602,0,band chutzpah pinkpop frusciante gully peligro overdose caudle kiedis peligro strumming freaky tribute dewayne woolliscroft carolan pinkpop beinhorns caudle caudle kiedis octopus fleged kristen vigard chutzpah frusciante beinhorns foyston emi rhcp woolliscroft chutzpah bside darlin kiedis freaky knuckleheads blackbyrd carolan lascivious carolan shirtless peppers funk hillel dewayne peligro resume salary position management experience
{E9G3-F7FY66OV-5998HZBF},07/30/2010 08:57:55,Ivor.Kato.Kramer@lockheed.com,James.Chester.English@dtaa.com,39986,0,missunderstood yoyogi freeeasy utadas yoyogi shibuya missunderstood utadas tour yoyogi seiko avex shizumu sweetboxs yasuhiko shizumu soundlink sweetboxs loveppears curriculum matsuura murrow anchorperson mansbridge bnonejennings newscast baki hrrem sleyman badakhshan peloponnese kanuni hobbled sarukhan furriers bayezid pasha mihrimah bayezid hrrem erzurum ibrahim acehnese baki resume salary position management experience
{M9U6-I0LK43ZT-0964ACFE},08/04/2010 08:34:19,Ivor.Kato.Kramer@lockheed.com,James.Chester.English@dtaa.com,29657,0,aircraft 43001 blades meto ronkonkoma inadvertently 43001 caa performed 43e60 43e60 1164 1102 warelwast leges anselm thurgot 1102 fleged vigard beinhorns vigard mcknight peligro dreamy convicted takin gonson 1719 procuresswell beau sally wisebourne rentals davyss barbute epistle dunciad resume salary position management experience
{F3T6-K4XC44XM-4176MZVP},08/04/2010 09:28:56,Ivor.Kato.Kramer@lockheed.com,James.Chester.English@dtaa.com,26875,0,63930 touchdowns treme tealc sci stargate trek furlings 200th oz farscape wizard browders saddles gateworld hugo treme treme gateworld aeryn cgi beau unseen sg eleven stargate stargate farscape stargate treme landry gateworld stargate kensico touched rockland kensico harlem edt pocantico gust tarrytown kensico fairfield 91 9a 401 carlstadt edt resume salary position management experience
{E7U9-C3WF50UZ-2089SLMW},08/04/2010 09:33:23,Ivor.Kato.Kramer@lockheed.com,James.Chester.English@dtaa.com,46217,0,regardless ophl foran boodle playoffs defenseman konstantinov emmett hockey smeaton sweetland fienberg coerce alynda vicodin cuddy vicodin sentences sela unprescribed mindedness javert unprescribed rehab unprescribed vicodin vicodin supercop zap2its whac sepinwall morses vicodin morses whac rehab cuddy idiots sela cuddy vicodin whac vicodin arcs alynda sela alynda sera prescriptions cuddy javert javert alynda coerce alynda javert javert prescriptions resume salary position management experience
{U3U9-A3DX69FW-4650XNPZ},08/05/2010 11:37:45,Ivor.Kato.Kramer@lockheed.com,James.Chester.English@dtaa.com,33031,0,pujols suppan bellhorn rentera suppan shortstop rashima bellhorn sox womack garciaparra mlbcom shaughnessy bruschi matheny bellhorn bambino shaughnessy busch suppan shaughnessy sox taguchi sox sox bronson mueller bellhorn alcs francona garciaparra bellhorn rentera edmonds ballys garciaparra yastrzemski ramrez pitcher pujols pesky bruschi lucchino isringhausen arroyo francona suppan embree xxxix resume salary position management experience
{J0X2-V7OX33DI-5032ZOQT},08/09/2010 08:34:11,Ivor.Kato.Kramer@lockheed.com,James.Chester.English@dtaa.com,19040,0,ragnvaldr rundata rogberg liljegren ftr varangian apart kresson dybeck jarlabanke orsteinn italic sjuhundra 104 gotlanders kbs ftr rune sophus vsterby sotti vedyxa rrkr stageplay mcquiggan bullmoose schott selectric repartee dev rufus curthose gerard gerard primacy consecration maternus flanders cathedral patron diocese 6600 culiacn gal6 abreojos startearly traffic pocatello vintners 769 resume salary position management experience
{K5H5-C6CV55OY-4590LLID},08/09/2010 12:53:43,Ivor.Kato.Kramer@lockheed.com,James.Chester.English@dtaa.com,18942,0,21183 sterritt honky sonny novel antron applause brimley tender corliss anselm dxxiv warelwast thurgot quadripartitus 1096 1107 primi flambard 1095 il gnreux desaix casabiancas blanquet souverain timolon gnreux bedouin guerrier brueyss peuple mizenmast casabiancas reynier russell hulce lips schlamme zollo excelsis bulworth moveons stageplay schlamme bartending munn bulworth resume salary position management experience
{Q0F1-T8LY96TW-2250OOQY},08/23/2010 15:32:20,Todd.Blaine.Francis@dtaa.com,James.Chester.English@dtaa.com,36465,0,cockroft mlas hoisted duggan c25 treasurer indisputably bourcier maclachlan antrobus hugill cockroft ansley mlas douglasite cockroft toadies ansley toadies irksome amplification cockroft cathmer repealed tire maclachlan hugill okotoks judicature knowlton fallacious macphersons loyalty powell mlas hugill unwin maclachlan 22 cockroft cockroft backbenchers okotoks unwin disowned mlas unwin toadies ansley unwin hugill courage government ansley resigning effective pursue opportunity